"id","froms","tos","train"
10001,"Visakhapatnam","Rajahmundry","Visakhapatnam-Rajahmundry Express"
10002,"Eluru","Tirupati","Eluru-Tirupati Express"
10003,"Renigunta","Warangal","Renigunta-Warangal Express"
10004,"Vizianagaram","Ongole","Vizianagaram-Ongole Express"
10005,"Vijayawada","Chittoor","Vijayawada-Chittoor Express"
10006,"Tadepalligudem","Brahmapur","Tadepalligudem-Brahmapur Express"
10007,"Samalkot Junction","Khurda Road Junction","Samalkot Junction-Khurda Road Junction Express"
10008,"Krishnarajapuram","Nidadavolu","Krishnarajapuram-Nidadavolu Express"
10009,"Rajahmundry","Tirupati","Rajahmundry-Tirupati Express"
10010,"Secunderabad","Vijayawada","Secunderabad-Vijayawada Express"
10011,"Chittoor","Visakhapatnam","Chittoor-Visakhapatnam Express"
10012,"Renigunta","Krishnarajapuram","Renigunta-Krishnarajapuram Express"
10013,"Warangal","Anakapalli","Warangal-Anakapalli Express"
10014,"Puri","Kazipet","Puri-Kazipet Express"
10015,"Tenali","Brahmapur","Tenali-Brahmapur Express"
10016,"Vijayawada","Vizianagaram","Vijayawada-Vizianagaram Express"
10017,"Khurda Road Junction","Samalkot Junction","Khurda Road Junction-Samalkot Junction Express"
10018,"Eluru","Ongole","Eluru-Ongole Express"
10019,"Rajahmundry","Tadepalligudem","Rajahmundry-Tadepalligudem Express"
10020,"Nidadavolu","Bhubaneswar","Nidadavolu-Bhubaneswar Express"
10021,"Anakapalli","Chittoor","Anakapalli-Chittoor Express"
10022,"Bhubaneswar","Warangal","Bhubaneswar-Warangal Express"
10023,"Tirupati","Secunderabad","Tirupati-Secunderabad Express"
10024,"Vizianagaram","Krishnarajapuram","Vizianagaram-Krishnarajapuram Express"
10025,"Ongole","Renigunta","Ongole-Renigunta Express"
10026,"Kazipet","Tenali","Kazipet-Tenali Express"
10027,"Brahmapur","Vijayawada","Brahmapur-Vijayawada Express"
10028,"Visakhapatnam","Puri","Visakhapatnam-Puri Express"
10029,"Krishnarajapuram","Samalkot Junction","Krishnarajapuram-Samalkot Junction Express"
10030,"Chittoor","Nidadavolu","Chittoor-Nidadavolu Express"
10031,"Visakhapatnam","Rajahmundry","Visakhapatnam-Rajahmundry Express"
10032,"Eluru","Tirupati","Eluru-Tirupati Express"
10033,"Renigunta","Warangal","Renigunta-Warangal Express"
10034,"Vizianagaram","Ongole","Vizianagaram-Ongole Express"
10035,"Vijayawada","Chittoor","Vijayawada-Chittoor Express"
10036,"Tadepalligudem","Brahmapur","Tadepalligudem-Brahmapur Express"
10037,"Samalkot Junction","Khurda Road Junction","Samalkot Junction-Khurda Road Junction Express"
10038,"Krishnarajapuram","Nidadavolu","Krishnarajapuram-Nidadavolu Express"
10039,"Rajahmundry","Tirupati","Rajahmundry-Tirupati Express"
10040,"Secunderabad","Vijayawada","Secunderabad-Vijayawada Express"
10041,"Chittoor","Visakhapatnam","Chittoor-Visakhapatnam Express"
10042,"Renigunta","Krishnarajapuram","Renigunta-Krishnarajapuram Express"
10043,"Warangal","Anakapalli","Warangal-Anakapalli Express"
10044,"Puri","Kazipet","Puri-Kazipet Express"
10045,"Tenali","Brahmapur","Tenali-Brahmapur Express"
10046,"Vijayawada","Vizianagaram","Vijayawada-Vizianagaram Express"
10047,"Khurda Road Junction","Samalkot Junction","Khurda Road Junction-Samalkot Junction Express"
10048,"Eluru","Ongole","Eluru-Ongole Express"
10049,"Rajahmundry","Tadepalligudem","Rajahmundry-Tadepalligudem Express"
10050,"Nidadavolu","Bhubaneswar","Nidadavolu-Bhubaneswar Express"
10051,"Anakapalli","Chittoor","Anakapalli-Chittoor Express"
10052,"Bhubaneswar","Warangal","Bhubaneswar-Warangal Express"
10053,"Tirupati","Secunderabad","Tirupati-Secunderabad Express"
10054,"Vizianagaram","Krishnarajapuram","Vizianagaram-Krishnarajapuram Express"
10055,"Ongole","Renigunta","Ongole-Renigunta Express"
10056,"Kazipet","Tenali","Kazipet-Tenali Express"
10057,"Brahmapur","Vijayawada","Brahmapur-Vijayawada Express"
10058,"Visakhapatnam","Puri","Visakhapatnam-Puri Express"
10059,"Krishnarajapuram","Samalkot Junction","Krishnarajapuram-Samalkot Junction Express"
10060,"Chittoor","Nidadavolu","Chittoor-Nidadavolu Express"
10061,"Visakhapatnam","Rajahmundry","Visakhapatnam-Rajahmundry Express"
10062,"Eluru","Tirupati","Eluru-Tirupati Express"
10063,"Renigunta","Warangal","Renigunta-Warangal Express"
10064,"Vizianagaram","Ongole","Vizianagaram-Ongole Express"
10065,"Vijayawada","Chittoor","Vijayawada-Chittoor Express"
10066,"Tadepalligudem","Brahmapur","Tadepalligudem-Brahmapur Express"
10067,"Samalkot Junction","Khurda Road Junction","Samalkot Junction-Khurda Road Junction Express"
10068,"Krishnarajapuram","Nidadavolu","Krishnarajapuram-Nidadavolu Express"
10069,"Rajahmundry","Tirupati","Rajahmundry-Tirupati Express"
10070,"Secunderabad","Vijayawada","Secunderabad-Vijayawada Express"
10071,"Chittoor","Visakhapatnam","Chittoor-Visakhapatnam Express"
10072,"Renigunta","Krishnarajapuram","Renigunta-Krishnarajapuram Express"
10073,"Warangal","Anakapalli","Warangal-Anakapalli Express"
10074,"Puri","Kazipet","Puri-Kazipet Express"
10075,"Tenali","Brahmapur","Tenali-Brahmapur Express"
10076,"Vijayawada","Vizianagaram","Vijayawada-Vizianagaram Express"
10077,"Khurda Road Junction","Samalkot Junction","Khurda Road Junction-Samalkot Junction Express"
10078,"Eluru","Ongole","Eluru-Ongole Express"
10079,"Rajahmundry","Tadepalligudem","Rajahmundry-Tadepalligudem Express"
10080,"Nidadavolu","Bhubaneswar","Nidadavolu-Bhubaneswar Express"
10081,"Anakapalli","Chittoor","Anakapalli-Chittoor Express"
10082,"Bhubaneswar","Warangal","Bhubaneswar-Warangal Express"
10083,"Tirupati","Secunderabad","Tirupati-Secunderabad Express"
10084,"Vizianagaram","Krishnarajapuram","Vizianagaram-Krishnarajapuram Express"
10085,"Ongole","Renigunta","Ongole-Renigunta Express"
10086,"Kazipet","Tenali","Kazipet-Tenali Express"
10087,"Brahmapur","Vijayawada","Brahmapur-Vijayawada Express"
10088,"Visakhapatnam","Puri","Visakhapatnam-Puri Express"
10089,"Krishnarajapuram","Samalkot Junction","Krishnarajapuram-Samalkot Junction Express"
10090,"Chittoor","Nidadavolu","Chittoor-Nidadavolu Express"
